{
  "model_type": "RandomForest",
  "labeling_method": "hotspot_name_heuristic",
  "n_samples_train": 3008,
  "n_samples_test": 752,
  "n_features": 16,
  "accuracy": 0.8789893617021277,
  "precision": 0.8495934959349594,
  "recall": 0.7946768060836502,
  "f1_score": 0.8212180746561886,
  "roc_auc": 0.9420327042851477,
  "confusion_matrix": [
    [
      452,
      37
    ],
    [
      54,
      209
    ]
  ],
  "feature_importances": [
    0.04415976274531995,
    0.06542693559886036,
    0.08949021451188216,
    0.1509832977858016,
    0.05989282892294679,
    0.051654688829147345,
    0.07473044859430279,
    0.04490567672191296,
    0.046718825207863385,
    0.03895742611792561,
    0.05478283580986514,
    0.08223719284168705,
    0.05177799306172335,
    0.03883762826411846,
    0.038881102321916654,
    0.06656314266472632
  ]
}