{
  "model_type": "RandomForest",
  "labeling_method": "proportion_heuristic",
  "n_samples_train": 23992,
  "n_samples_test": 5999,
  "n_features": 16,
  "accuracy": 0.9461576929488248,
  "precision": 0.9319574330861012,
  "recall": 0.9626915389740173,
  "f1_score": 0.947075208913649,
  "roc_auc": 0.9893974587512229,
  "confusion_matrix": [
    [
      2786,
      211
    ],
    [
      112,
      2890
    ]
  ],
  "feature_importances": [
    0.03975745423810772,
    0.04264488344777608,
    0.04425486097463678,
    0.5702734823061669,
    0.01713530854674084,
    0.021930527977921655,
    0.0348251676679677,
    0.02921629474262981,
    0.03335360636069786,
    0.0268741831805524,
    0.02545656963326465,
    0.01665697041139934,
    0.034553587340304864,
    0.017024443837857065,
    0.01724776902410012,
    0.02879489030987619
  ]
}