{
  "model_type": "RandomForest",
  "labeling_method": "intersection_heuristic",
  "n_samples_train": 932,
  "n_samples_test": 233,
  "n_features": 16,
  "accuracy": 0.9699570815450643,
  "precision": 0.9821428571428571,
  "recall": 0.9565217391304348,
  "f1_score": 0.9691629955947136,
  "roc_auc": 0.9967575534266765,
  "confusion_matrix": [
    [
      116,
      2
    ],
    [
      5,
      110
    ]
  ],
  "feature_importances": [
    0.024401691272969494,
    0.016063433919510966,
    0.08621515240118897,
    0.4974177257014461,
    0.04252064009920898,
    0.00854848187614483,
    0.06614128757328216,
    0.023593504782011072,
    0.019780211738230104,
    0.017587499984142642,
    0.03209867604216081,
    0.047524630152293586,
    0.019778499294024945,
    0.012345520522494267,
    0.019487060818396514,
    0.06649598382249443
  ]
}